[
    {
        "Car_id": "C_1000",
        "Date": "06/23/2024",
        "Customer Name": "Susan",
        "Gender": "Male",
        "Annual Income": 143867,
        "Dealer_Name": "Rodriguez-Brady",
        "Company": "Hyundai",
        "Model": "Elantra",
        "Engine": "V6",
        "Transmission": "Manual",
        "Color": "Gray",
        "Price ($)": 70994,
        "Dealer_No": "27530",
        "Body Style": "SUV",
        "Phone": "(884)580-1455",
        "Dealer_Region": "Kirkview"
    },
    {
        "Car_id": "C_1001",
        "Date": "11/03/2022",
        "Customer Name": "Douglas",
        "Gender": "Male",
        "Annual Income": 76466,
        "Dealer_Name": "Roth-Ferguson",
        "Company": "Volkswagen",
        "Model": "Jetta",
        "Engine": "Hybrid",
        "Transmission": "Auto",
        "Color": "Yellow",
        "Price ($)": 85894,
        "Dealer_No": "23541",
        "Body Style": "SUV",
        "Phone": "001-386-145-6860",
        "Dealer_Region": "New Richard"
    },
    {
        "Car_id": "C_1002",
        "Date": "02/17/2025",
        "Customer Name": "Chase",
        "Gender": "Male",
        "Annual Income": 106370,
        "Dealer_Name": "Mitchell Group",
        "Company": "Volkswagen",
        "Model": "Golf",
        "Engine": "V6",
        "Transmission": "Auto",
        "Color": "Red",
        "Price ($)": 53588,
        "Dealer_No": "48999",
        "Body Style": "Hatchback",
        "Phone": "(554)475-5141",
        "Dealer_Region": "Lake Richard"
    },
    {
        "Car_id": "C_1003",
        "Date": "09/21/2023",
        "Customer Name": "Joanna",
        "Gender": "Male",
        "Annual Income": 137940,
        "Dealer_Name": "Meyer, Hayes and Hall",
        "Company": "BMW",
        "Model": "3 Series",
        "Engine": "Hybrid",
        "Transmission": "Auto",
        "Color": "Gray",
        "Price ($)": 80425,
        "Dealer_No": "46081",
        "Body Style": "Sedan",
        "Phone": "001-098-648-6596x76965",
        "Dealer_Region": "North Kimberly"
    },
    {
        "Car_id": "C_1004",
        "Date": "09/02/2023",
        "Customer Name": "Amy",
        "Gender": "Female",
        "Annual Income": 98370,
        "Dealer_Name": "Brown, Woods and Villa",
        "Company": "Ford",
        "Model": "Escape",
        "Engine": "V8",
        "Transmission": "Auto",
        "Color": "Red",
        "Price ($)": 83218,
        "Dealer_No": "90578",
        "Body Style": "Truck",
        "Phone": "640.456.2362",
        "Dealer_Region": "East Paul"
    },
    {
        "Car_id": "C_1005",
        "Date": "12/17/2024",
        "Customer Name": "Phillip",
        "Gender": "Female",
        "Annual Income": 99577,
        "Dealer_Name": "Craig LLC",
        "Company": "BMW",
        "Model": "5 Series",
        "Engine": "Hybrid",
        "Transmission": "Manual",
        "Color": "White",
        "Price ($)": 38477,
        "Dealer_No": "33848",
        "Body Style": "Sedan",
        "Phone": "514.228.4622x8344",
        "Dealer_Region": "Angelaview"
    },
    {
        "Car_id": "C_1006",
        "Date": "12/30/2024",
        "Customer Name": "Jessica",
        "Gender": "Female",
        "Annual Income": 135061,
        "Dealer_Name": "Peterson-Griffin",
        "Company": "Honda",
        "Model": "Civic",
        "Engine": "Double Overhead Camshaft",
        "Transmission": "Manual",
        "Color": "Silver",
        "Price ($)": 40349,
        "Dealer_No": "57591",
        "Body Style": "Sedan",
        "Phone": "+1-249-554-7020x592",
        "Dealer_Region": "New Jessica"
    },
    {
        "Car_id": "C_1007",
        "Date": "10/27/2023",
        "Customer Name": "Stephen",
        "Gender": "Female",
        "Annual Income": 72738,
        "Dealer_Name": "Peterson Group",
        "Company": "Nissan",
        "Model": "Pathfinder",
        "Engine": "Electric",
        "Transmission": "Auto",
        "Color": "Green",
        "Price ($)": 31035,
        "Dealer_No": "23393",
        "Body Style": "Sedan",
        "Phone": "001-516-297-4846x248",
        "Dealer_Region": "East Hannah"
    },
    {
        "Car_id": "C_1008",
        "Date": "01/26/2024",
        "Customer Name": "Franklin",
        "Gender": "Male",
        "Annual Income": 117976,
        "Dealer_Name": "Bruce Ltd",
        "Company": "BMW",
        "Model": "X3",
        "Engine": "Electric",
        "Transmission": "Manual",
        "Color": "Green",
        "Price ($)": 29512,
        "Dealer_No": "17850",
        "Body Style": "SUV",
        "Phone": "(010)068-7460x17599",
        "Dealer_Region": "New Christopherside"
    },
    {
        "Car_id": "C_1009",
        "Date": "04/18/2024",
        "Customer Name": "Amanda",
        "Gender": "Male",
        "Annual Income": 41881,
        "Dealer_Name": "Taylor Ltd",
        "Company": "Toyota",
        "Model": "Corolla",
        "Engine": "V8",
        "Transmission": "Auto",
        "Color": "Blue",
        "Price ($)": 34917,
        "Dealer_No": "46271",
        "Body Style": "SUV",
        "Phone": "375.956.0294x19187",
        "Dealer_Region": "Erinland"
    },
    {
        "Car_id": "C_1010",
        "Date": "02/14/2024",
        "Customer Name": "Paul",
        "Gender": "Female",
        "Annual Income": 35310,
        "Dealer_Name": "Williams Ltd",
        "Company": "Toyota",
        "Model": "Highlander",
        "Engine": "V6",
        "Transmission": "Manual",
        "Color": "Green",
        "Price ($)": 67367,
        "Dealer_No": "71447",
        "Body Style": "Sedan",
        "Phone": "732.224.8240",
        "Dealer_Region": "Lake Jillianside"
    },
    {
        "Car_id": "C_1011",
        "Date": "01/16/2023",
        "Customer Name": "Mark",
        "Gender": "Male",
        "Annual Income": 72932,
        "Dealer_Name": "Hale Inc",
        "Company": "Hyundai",
        "Model": "Elantra",
        "Engine": "Double Overhead Camshaft",
        "Transmission": "Auto",
        "Color": "Green",
        "Price ($)": 88830,
        "Dealer_No": "53683",
        "Body Style": "Coupe",
        "Phone": "707-255-5231x8150",
        "Dealer_Region": "Ronaldburgh"
    },
    {
        "Car_id": "C_1012",
        "Date": "05/13/2024",
        "Customer Name": "Paul",
        "Gender": "Male",
        "Annual Income": 63281,
        "Dealer_Name": "Martinez, Farrell and Archer",
        "Company": "Chevrolet",
        "Model": "Tahoe",
        "Engine": "V8",
        "Transmission": "Manual",
        "Color": "Black",
        "Price ($)": 46722,
        "Dealer_No": "86952",
        "Body Style": "SUV",
        "Phone": "338-579-9925x9183",
        "Dealer_Region": "Brettstad"
    },
    {
        "Car_id": "C_1013",
        "Date": "04/27/2025",
        "Customer Name": "Alexis",
        "Gender": "Female",
        "Annual Income": 86522,
        "Dealer_Name": "Valdez-Davis",
        "Company": "Hyundai",
        "Model": "Santa Fe",
        "Engine": "Electric",
        "Transmission": "Auto",
        "Color": "Red",
        "Price ($)": 34465,
        "Dealer_No": "16706",
        "Body Style": "Coupe",
        "Phone": "224-994-9720x05492",
        "Dealer_Region": "South Dariuston"
    },
    {
        "Car_id": "C_1014",
        "Date": "02/24/2023",
        "Customer Name": "Candace",
        "Gender": "Female",
        "Annual Income": 37961,
        "Dealer_Name": "Barnett Inc",
        "Company": "Toyota",
        "Model": "Corolla",
        "Engine": "Hybrid",
        "Transmission": "Auto",
        "Color": "Yellow",
        "Price ($)": 53625,
        "Dealer_No": "20899",
        "Body Style": "Coupe",
        "Phone": "322-667-9391x8449",
        "Dealer_Region": "Faulknerton"
    },
    {
        "Car_id": "C_1015",
        "Date": "07/18/2025",
        "Customer Name": "Robin",
        "Gender": "Male",
        "Annual Income": 48248,
        "Dealer_Name": "Robertson, Craig and Martinez",
        "Company": "Honda",
        "Model": "Civic",
        "Engine": "V8",
        "Transmission": "Auto",
        "Color": "Yellow",
        "Price ($)": 61572,
        "Dealer_No": "52641",
        "Body Style": "Coupe",
        "Phone": "001-501-866-0228x788",
        "Dealer_Region": "East Aprilton"
    },
    {
        "Car_id": "C_1016",
        "Date": "07/01/2023",
        "Customer Name": "Brooke",
        "Gender": "Male",
        "Annual Income": 117202,
        "Dealer_Name": "Brooks-Kennedy",
        "Company": "Ford",
        "Model": "Mustang",
        "Engine": "Double Overhead Camshaft",
        "Transmission": "Manual",
        "Color": "Red",
        "Price ($)": 31664,
        "Dealer_No": "19856",
        "Body Style": "Coupe",
        "Phone": "001-978-327-4883x7333",
        "Dealer_Region": "Mcclurefort"
    },
    {
        "Car_id": "C_1017",
        "Date": "03/29/2025",
        "Customer Name": "Lauren",
        "Gender": "Female",
        "Annual Income": 126561,
        "Dealer_Name": "Meadows Group",
        "Company": "Hyundai",
        "Model": "Elantra",
        "Engine": "Hybrid",
        "Transmission": "Auto",
        "Color": "Green",
        "Price ($)": 42631,
        "Dealer_No": "47464",
        "Body Style": "Sedan",
        "Phone": "2396577430",
        "Dealer_Region": "West Melissastad"
    },
    {
        "Car_id": "C_1018",
        "Date": "07/30/2025",
        "Customer Name": "Amanda",
        "Gender": "Male",
        "Annual Income": 106398,
        "Dealer_Name": "Jackson, Franklin and Higgins",
        "Company": "Hyundai",
        "Model": "Elantra",
        "Engine": "Double Overhead Camshaft",
        "Transmission": "Manual",
        "Color": "Green",
        "Price ($)": 36974,
        "Dealer_No": "15611",
        "Body Style": "Hatchback",
        "Phone": "833-206-5750",
        "Dealer_Region": "Jenniferchester"
    },
    {
        "Car_id": "C_1019",
        "Date": "10/07/2024",
        "Customer Name": "Ralph",
        "Gender": "Male",
        "Annual Income": 91273,
        "Dealer_Name": "Maddox-Thompson",
        "Company": "Hyundai",
        "Model": "Elantra",
        "Engine": "V8",
        "Transmission": "Auto",
        "Color": "Red",
        "Price ($)": 52615,
        "Dealer_No": "11420",
        "Body Style": "Sedan",
        "Phone": "993.351.0146x9933",
        "Dealer_Region": "Lake Shawnborough"
    },
    {
        "Car_id": "C_1020",
        "Date": "03/08/2024",
        "Customer Name": "Catherine",
        "Gender": "Female",
        "Annual Income": 113298,
        "Dealer_Name": "Mueller, Anderson and Vaughan",
        "Company": "Nissan",
        "Model": "Rogue",
        "Engine": "V8",
        "Transmission": "Manual",
        "Color": "Blue",
        "Price ($)": 73469,
        "Dealer_No": "29577",
        "Body Style": "Coupe",
        "Phone": "001-918-798-8091x60977",
        "Dealer_Region": "Sharonview"
    },
    {
        "Car_id": "C_1021",
        "Date": "08/03/2023",
        "Customer Name": "Dean",
        "Gender": "Female",
        "Annual Income": 83118,
        "Dealer_Name": "Warren, Kramer and Reilly",
        "Company": "Toyota",
        "Model": "RAV4",
        "Engine": "Hybrid",
        "Transmission": "Auto",
        "Color": "Gray",
        "Price ($)": 21394,
        "Dealer_No": "59715",
        "Body Style": "Truck",
        "Phone": "9515185877",
        "Dealer_Region": "West Laura"
    },
    {
        "Car_id": "C_1022",
        "Date": "09/08/2022",
        "Customer Name": "Gregory",
        "Gender": "Male",
        "Annual Income": 48048,
        "Dealer_Name": "Harvey and Sons",
        "Company": "Hyundai",
        "Model": "Sonata",
        "Engine": "V8",
        "Transmission": "Auto",
        "Color": "Black",
        "Price ($)": 27603,
        "Dealer_No": "86413",
        "Body Style": "SUV",
        "Phone": "155.719.8484x8580",
        "Dealer_Region": "North Kimberly"
    },
    {
        "Car_id": "C_1023",
        "Date": "12/06/2022",
        "Customer Name": "Christopher",
        "Gender": "Male",
        "Annual Income": 60374,
        "Dealer_Name": "Fleming, Henderson and White",
        "Company": "Hyundai",
        "Model": "Tucson",
        "Engine": "V6",
        "Transmission": "Auto",
        "Color": "Green",
        "Price ($)": 20685,
        "Dealer_No": "84971",
        "Body Style": "Sedan",
        "Phone": "663-856-4824",
        "Dealer_Region": "North Chad"
    },
    {
        "Car_id": "C_1024",
        "Date": "11/25/2024",
        "Customer Name": "Jennifer",
        "Gender": "Female",
        "Annual Income": 31366,
        "Dealer_Name": "Ritter-Kim",
        "Company": "Nissan",
        "Model": "Pathfinder",
        "Engine": "V8",
        "Transmission": "Manual",
        "Color": "Gray",
        "Price ($)": 24333,
        "Dealer_No": "25585",
        "Body Style": "Coupe",
        "Phone": "+1-998-047-9753x77426",
        "Dealer_Region": "Connieport"
    },
    {
        "Car_id": "C_1025",
        "Date": "11/17/2022",
        "Customer Name": "Ryan",
        "Gender": "Female",
        "Annual Income": 62869,
        "Dealer_Name": "Greene-Moody",
        "Company": "BMW",
        "Model": "3 Series",
        "Engine": "Double Overhead Camshaft",
        "Transmission": "Manual",
        "Color": "Red",
        "Price ($)": 25801,
        "Dealer_No": "10015",
        "Body Style": "SUV",
        "Phone": "388.568.7338",
        "Dealer_Region": "Christinafurt"
    },
    {
        "Car_id": "C_1026",
        "Date": "11/07/2022",
        "Customer Name": "Dustin",
        "Gender": "Female",
        "Annual Income": 53166,
        "Dealer_Name": "Perry LLC",
        "Company": "Mercedes",
        "Model": "GLC",
        "Engine": "V6",
        "Transmission": "Auto",
        "Color": "Green",
        "Price ($)": 85198,
        "Dealer_No": "42449",
        "Body Style": "Truck",
        "Phone": "+1-588-745-2459x5927",
        "Dealer_Region": "East Jason"
    },
    {
        "Car_id": "C_1027",
        "Date": "08/20/2024",
        "Customer Name": "Jennifer",
        "Gender": "Male",
        "Annual Income": 82680,
        "Dealer_Name": "Thompson Inc",
        "Company": "Mercedes",
        "Model": "C-Class",
        "Engine": "V6",
        "Transmission": "Manual",
        "Color": "Yellow",
        "Price ($)": 66652,
        "Dealer_No": "49944",
        "Body Style": "Hatchback",
        "Phone": "(720)559-8079",
        "Dealer_Region": "New Rubenview"
    },
    {
        "Car_id": "C_1028",
        "Date": "04/09/2024",
        "Customer Name": "Michael",
        "Gender": "Female",
        "Annual Income": 102211,
        "Dealer_Name": "Mullen-Ashley",
        "Company": "Volkswagen",
        "Model": "Tiguan",
        "Engine": "Hybrid",
        "Transmission": "Manual",
        "Color": "Silver",
        "Price ($)": 74935,
        "Dealer_No": "48922",
        "Body Style": "Sedan",
        "Phone": "3355871197",
        "Dealer_Region": "Lake Carolyn"
    },
    {
        "Car_id": "C_1029",
        "Date": "10/02/2022",
        "Customer Name": "Eric",
        "Gender": "Female",
        "Annual Income": 41988,
        "Dealer_Name": "Perez, Woodard and Lucero",
        "Company": "BMW",
        "Model": "5 Series",
        "Engine": "Electric",
        "Transmission": "Manual",
        "Color": "Blue",
        "Price ($)": 84321,
        "Dealer_No": "09966",
        "Body Style": "Coupe",
        "Phone": "+1-417-060-8873x006",
        "Dealer_Region": "North Jessica"
    },
    {
        "Car_id": "C_1030",
        "Date": "12/27/2023",
        "Customer Name": "Daniel",
        "Gender": "Female",
        "Annual Income": 127376,
        "Dealer_Name": "Thompson, Avila and Bennett",
        "Company": "Hyundai",
        "Model": "Sonata",
        "Engine": "Double Overhead Camshaft",
        "Transmission": "Auto",
        "Color": "Red",
        "Price ($)": 44578,
        "Dealer_No": "60873",
        "Body Style": "Truck",
        "Phone": "001-455-124-0226x10324",
        "Dealer_Region": "Tylerland"
    },
    {
        "Car_id": "C_1031",
        "Date": "02/26/2023",
        "Customer Name": "Amanda",
        "Gender": "Male",
        "Annual Income": 81358,
        "Dealer_Name": "George, Richard and Smith",
        "Company": "Chevrolet",
        "Model": "Silverado",
        "Engine": "Double Overhead Camshaft",
        "Transmission": "Auto",
        "Color": "White",
        "Price ($)": 70832,
        "Dealer_No": "26039",
        "Body Style": "Truck",
        "Phone": "240.713.1270x533",
        "Dealer_Region": "Bendermouth"
    },
    {
        "Car_id": "C_1032",
        "Date": "02/05/2025",
        "Customer Name": "Jennifer",
        "Gender": "Female",
        "Annual Income": 101299,
        "Dealer_Name": "Davis, Rice and Cox",
        "Company": "Ford",
        "Model": "Explorer",
        "Engine": "Hybrid",
        "Transmission": "Manual",
        "Color": "Green",
        "Price ($)": 27260,
        "Dealer_No": "36985",
        "Body Style": "SUV",
        "Phone": "509.552.6972",
        "Dealer_Region": "Williamtown"
    },
    {
        "Car_id": "C_1033",
        "Date": "08/26/2024",
        "Customer Name": "Karen",
        "Gender": "Female",
        "Annual Income": 89968,
        "Dealer_Name": "Weiss PLC",
        "Company": "Nissan",
        "Model": "Altima",
        "Engine": "V8",
        "Transmission": "Auto",
        "Color": "Blue",
        "Price ($)": 29172,
        "Dealer_No": "88445",
        "Body Style": "Hatchback",
        "Phone": "589-795-7674x67909",
        "Dealer_Region": "Lake Sara"
    },
    {
        "Car_id": "C_1034",
        "Date": "10/02/2024",
        "Customer Name": "Christopher",
        "Gender": "Female",
        "Annual Income": 143997,
        "Dealer_Name": "Chambers-Cross",
        "Company": "Ford",
        "Model": "Explorer",
        "Engine": "V8",
        "Transmission": "Manual",
        "Color": "Black",
        "Price ($)": 77194,
        "Dealer_No": "92272",
        "Body Style": "Hatchback",
        "Phone": "468.403.3251x234",
        "Dealer_Region": "South Justinfort"
    },
    {
        "Car_id": "C_1035",
        "Date": "04/01/2023",
        "Customer Name": "Patrick",
        "Gender": "Female",
        "Annual Income": 79302,
        "Dealer_Name": "Holland, Gordon and Vaughn",
        "Company": "Nissan",
        "Model": "Altima",
        "Engine": "V6",
        "Transmission": "Auto",
        "Color": "Black",
        "Price ($)": 50467,
        "Dealer_No": "79720",
        "Body Style": "SUV",
        "Phone": "4505732435",
        "Dealer_Region": "Lawrencemouth"
    },
    {
        "Car_id": "C_1036",
        "Date": "04/18/2025",
        "Customer Name": "Dawn",
        "Gender": "Female",
        "Annual Income": 123757,
        "Dealer_Name": "Lewis-Williamson",
        "Company": "Mercedes",
        "Model": "C-Class",
        "Engine": "Hybrid",
        "Transmission": "Auto",
        "Color": "Silver",
        "Price ($)": 87126,
        "Dealer_No": "35526",
        "Body Style": "Hatchback",
        "Phone": "(144)653-8543x3084",
        "Dealer_Region": "Lake Paulview"
    },
    {
        "Car_id": "C_1037",
        "Date": "04/30/2024",
        "Customer Name": "Amanda",
        "Gender": "Male",
        "Annual Income": 147073,
        "Dealer_Name": "Stewart LLC",
        "Company": "Hyundai",
        "Model": "Sonata",
        "Engine": "V8",
        "Transmission": "Auto",
        "Color": "Gray",
        "Price ($)": 44799,
        "Dealer_No": "62087",
        "Body Style": "Hatchback",
        "Phone": "+1-696-883-0095x0026",
        "Dealer_Region": "Port Julie"
    },
    {
        "Car_id": "C_1038",
        "Date": "10/22/2023",
        "Customer Name": "Ronald",
        "Gender": "Female",
        "Annual Income": 64740,
        "Dealer_Name": "Moyer Inc",
        "Company": "Nissan",
        "Model": "Pathfinder",
        "Engine": "V8",
        "Transmission": "Manual",
        "Color": "Yellow",
        "Price ($)": 82471,
        "Dealer_No": "07015",
        "Body Style": "Hatchback",
        "Phone": "+1-953-829-6820",
        "Dealer_Region": "Christinaburgh"
    },
    {
        "Car_id": "C_1039",
        "Date": "01/25/2025",
        "Customer Name": "Ronnie",
        "Gender": "Male",
        "Annual Income": 54066,
        "Dealer_Name": "Carter-Shaw",
        "Company": "Volkswagen",
        "Model": "Golf",
        "Engine": "Double Overhead Camshaft",
        "Transmission": "Auto",
        "Color": "Blue",
        "Price ($)": 47858,
        "Dealer_No": "61895",
        "Body Style": "SUV",
        "Phone": "494-910-3281",
        "Dealer_Region": "Greenview"
    },
    {
        "Car_id": "C_1040",
        "Date": "10/27/2023",
        "Customer Name": "Steven",
        "Gender": "Female",
        "Annual Income": 101246,
        "Dealer_Name": "Henry, Sanders and Williams",
        "Company": "Chevrolet",
        "Model": "Equinox",
        "Engine": "Hybrid",
        "Transmission": "Auto",
        "Color": "Black",
        "Price ($)": 73205,
        "Dealer_No": "13242",
        "Body Style": "Coupe",
        "Phone": "089-551-9376x96949",
        "Dealer_Region": "Smithside"
    },
    {
        "Car_id": "C_1041",
        "Date": "05/10/2023",
        "Customer Name": "Jane",
        "Gender": "Female",
        "Annual Income": 36282,
        "Dealer_Name": "Huff Inc",
        "Company": "Honda",
        "Model": "Civic",
        "Engine": "V6",
        "Transmission": "Auto",
        "Color": "Black",
        "Price ($)": 84562,
        "Dealer_No": "78120",
        "Body Style": "Coupe",
        "Phone": "(752)130-5869x491",
        "Dealer_Region": "Lake Lisamouth"
    },
    {
        "Car_id": "C_1042",
        "Date": "11/07/2023",
        "Customer Name": "Matthew",
        "Gender": "Male",
        "Annual Income": 147038,
        "Dealer_Name": "Burns, Briggs and Chung",
        "Company": "Nissan",
        "Model": "Altima",
        "Engine": "Hybrid",
        "Transmission": "Auto",
        "Color": "White",
        "Price ($)": 23875,
        "Dealer_No": "64030",
        "Body Style": "Coupe",
        "Phone": "+1-152-742-9258x84032",
        "Dealer_Region": "Thomasbury"
    },
    {
        "Car_id": "C_1043",
        "Date": "12/03/2024",
        "Customer Name": "Tyler",
        "Gender": "Female",
        "Annual Income": 83061,
        "Dealer_Name": "Atkinson, Daniel and Sanders",
        "Company": "Chevrolet",
        "Model": "Malibu",
        "Engine": "Hybrid",
        "Transmission": "Auto",
        "Color": "Blue",
        "Price ($)": 67140,
        "Dealer_No": "98013",
        "Body Style": "Sedan",
        "Phone": "1034908856",
        "Dealer_Region": "North Stevenmouth"
    },
    {
        "Car_id": "C_1044",
        "Date": "10/18/2024",
        "Customer Name": "Brent",
        "Gender": "Female",
        "Annual Income": 106530,
        "Dealer_Name": "Gibson, Hutchinson and Carter",
        "Company": "Volkswagen",
        "Model": "Jetta",
        "Engine": "V6",
        "Transmission": "Auto",
        "Color": "Blue",
        "Price ($)": 83409,
        "Dealer_No": "27540",
        "Body Style": "Coupe",
        "Phone": "(287)278-8187x4746",
        "Dealer_Region": "Alexanderton"
    },
    {
        "Car_id": "C_1045",
        "Date": "04/13/2024",
        "Customer Name": "Todd",
        "Gender": "Male",
        "Annual Income": 44242,
        "Dealer_Name": "Kennedy-Huber",
        "Company": "Honda",
        "Model": "Pilot",
        "Engine": "Hybrid",
        "Transmission": "Manual",
        "Color": "Red",
        "Price ($)": 51102,
        "Dealer_No": "42861",
        "Body Style": "Truck",
        "Phone": "001-774-021-1142x263",
        "Dealer_Region": "West Thomastown"
    },
    {
        "Car_id": "C_1046",
        "Date": "05/08/2024",
        "Customer Name": "Steve",
        "Gender": "Male",
        "Annual Income": 38086,
        "Dealer_Name": "Mack Group",
        "Company": "Hyundai",
        "Model": "Sonata",
        "Engine": "V6",
        "Transmission": "Manual",
        "Color": "Blue",
        "Price ($)": 25636,
        "Dealer_No": "52996",
        "Body Style": "Coupe",
        "Phone": "(916)729-4583x585",
        "Dealer_Region": "North Sherrimouth"
    },
    {
        "Car_id": "C_1047",
        "Date": "11/17/2023",
        "Customer Name": "Kevin",
        "Gender": "Female",
        "Annual Income": 122376,
        "Dealer_Name": "Singh Ltd",
        "Company": "Toyota",
        "Model": "Camry",
        "Engine": "V8",
        "Transmission": "Auto",
        "Color": "Red",
        "Price ($)": 74598,
        "Dealer_No": "82761",
        "Body Style": "Truck",
        "Phone": "001-895-983-4542",
        "Dealer_Region": "West Phyllis"
    },
    {
        "Car_id": "C_1048",
        "Date": "09/23/2022",
        "Customer Name": "Susan",
        "Gender": "Female",
        "Annual Income": 144474,
        "Dealer_Name": "Hall Group",
        "Company": "BMW",
        "Model": "X3",
        "Engine": "Electric",
        "Transmission": "Manual",
        "Color": "Blue",
        "Price ($)": 57491,
        "Dealer_No": "61713",
        "Body Style": "Sedan",
        "Phone": "873.327.2353",
        "Dealer_Region": "Castanedaborough"
    },
    {
        "Car_id": "C_1049",
        "Date": "11/16/2023",
        "Customer Name": "Tom",
        "Gender": "Female",
        "Annual Income": 84073,
        "Dealer_Name": "Jones PLC",
        "Company": "Kia",
        "Model": "Sportage",
        "Engine": "Double Overhead Camshaft",
        "Transmission": "Manual",
        "Color": "Red",
        "Price ($)": 28268,
        "Dealer_No": "07822",
        "Body Style": "Hatchback",
        "Phone": "+1-292-032-3669",
        "Dealer_Region": "Hallbury"
    }
]